,Years,count : 주류,count : 담배류,count : 육류 ,count : 식품류,count : 전자제품,count : 조리기구,count : 선박부품,count : 악세사리,count : 유류,count : 조건부선용품,count : 선박폐기물,count : 기타
0,2018,37970,28926,41683,167337,167,78,15122,0,2693,16465,0,25124
1,2019,35469,28096,50960,190056,220,40,14368,0,5021,16143,0,28761
2,2020,34046,23932,49551,222976,546,425,13278,1,4186,14473,0,36300
3,2021,35945,25266,48843,216078,611,616,14208,0,4131,14284,0,36718
4,2022,37952,26122,57739,242274,593,536,14658,0,2909,14695,0,38942
5,2023,37231,28075,64211,257233,660,648,13177,71,2823,14061,0,41195
6,2024,36322,30143,60556,272593,700,783,10785,594,2932,13733,0,45149
7,2025,5545,5176,10057,47759,129,217,1498,132,517,2472,0,7293
